id_col,col_to_scale,col_to_scale_scaled
1,5,0.3162277660168379
2,8,0.8854377448471461
3,10,1.2649110640673515
4,-5,-1.5811388300841898
5,4,0.12649110640673514
6,10,1.2649110640673515
7,-4,-1.391402170474087
8,0,-0.6324555320336759
9,2,-0.2529822128134704
