id_col,col_to_scale_scaled
1,0.6666666666666666
2,0.8666666666666667
3,1.0
4,0.0
5,0.6
6,1.0
7,0.06666666666666665
8,0.3333333333333333
9,0.4666666666666667
