id_col,col_to_scale,col_to_scale_scaled
1,5,0.6666666666666666
2,8,0.8666666666666667
3,10,1.0
4,-5,0.0
5,4,0.6
6,10,1.0
7,-4,0.06666666666666665
8,0,0.3333333333333333
9,2,0.4666666666666667
